EID,Original_Sentence,Edited_Sentence
d8daa272d6c956e2059a586c981e08bfebef2be23f49d80c0b6d6eb9b06e8c21,Hello buddy! So you know when you have just ace'd all the final exams and you can just enjoy your time off with out worrying?,Hello buddy! So you know when you have just aced all the final exams and you just enjoy your time off without worrying?
85da8eacfd935e3d290a45f78d14f1503fbe81708d692545901610479fb84933,I can not believe what happened today.,I do not believe what happened today.
2333359902198db80c80edf2ce552cc8c93bde5dc6639ef84c557c84fd5e1c5a,I am just hoping he can continue with the good grades as he progresses up. I have confidence in him,I just want him to continue with the good grades as he progresses up. I have confidence in him
3d23240ae27412235c0fae03eeb53aef21204aea0b920e82b75267114e989b94,:) we have all being through the age. You will miss this stage when they finally grow to become adult,:) we have all been through this age. You miss this stage when they finally become adults.
28bed2211d9811efa9150551a473c44517d6471db3ec2d8975d471f6732c5f4b,Seems like almost every day now that I can have it delivered.,Almost every day now I have it delivered.
716fe18404f017ac9cea46d4cc8d4619f76a640768e250fcf1340976c2be8dd8,School is about to start. I can not wait,School is about to start. I am excited.
4af19a6ad00a4d951db088df534bfab69d521e4a46ff0aa51f5c54fe34a67b8f,So my friend surprised me with tickets to see my favorite band this Saturday. I thought it was sold out. I can not wait.,So my friend surprised me with tickets to see my favorite band this Saturday. I thought it was sold out. I am so excited.
26dab1c62d24bb739ff6ce65acd216bca8c7e9aaf81d5cb6da2a2693318d6ae5,I love Stephen King new show. I can not believe I Am not as afraid as I usually am.,I love Stephen King's new show. I am not as afraid as I usually am.
31bda8eb19f1d8078addaebb241e9e90bd229039562c8c5513033a398b3b0619,I do not have a gun! Or another person! Ah man... Guess I will just sleep in the bathroom with the door locked,I do not have a gun or another person! Ah man... I plan to sleep in the bathroom with the door locked.
ec0368e66b962bfa33d8cea02494a68b3283412752cc84fbde2762ca523704d0,I could not sleep last night at all,I did not sleep at all last night.
102a4651e67f296dcfb85f15f16513c0ced84a4f06dc73b68ba460c42b12161b,I do and that is the first thing I thought it could be.,I do and that is the first thing I thought it was.
61270cde9f6ef0ddbe94c9ec01c5414df55f9d26b4b645a77e2d5fe0d68c7cfc,You are right I will do that eventually. That is a good way to change my situation rather than sulking around.,You are right. I plan to do that later. That is a good way to change my situation rather than sulking around.
0501d5ce761e0c737bbd09f56ccd94f946f883a0099b59534b623bde3ca89aff,I ordered pants online that I thought would fit,I ordered pants online that I thought fit.
500ccf110d4e5ebacc9c364de42875fab908b63c5bd720a5b162fcaf737d099f,I can not believe my favorite restaurant was closed today. I was so upset.,I do not believe my favorite restaurant was closed today. I was so upset.
5002b0619556026614547807d2887700668f382286471eff615b8a8b857fd34e,He could have killed you!,He nearly killed you!
684b7fc6fef1091a882ed4f65e99cb50a0e8c1e15d84d2d14b2737d4717a7de0,That must of been no fun.,That was no fun.
af1db00cf8aa81b5c21f94754e09e16920dad963fdbb88b24d2f0a9372043f29,I can not believe I lied to my mother.,It is unbelievable that I lied to my mother.
7841b62413b3710962222c1e3598c6eac8b36b2fda66c0d9060c7d4b87fe765a,I finally saw that one scary movie my friends were talking about. I can not sleep without the lights on.,I finally saw that one scary movie my friends were talking about. I am unable to sleep without the lights on.
513dc9d1589fd2e1a0a8ec497c1c0831667ead505a98e6bb288ac56731f7b102,I will stay with her forever.,I stay with her forever.
0b4da39c40e32035d8606cbf314c6a3da5d58568b61fe97da63f948b0798663d,He must of been crazy.,He was crazy.
96dac383269542bde0a89a2a5131dfd141f744ea8897e4c84336b45ac7d9c39e,Holy moly,Holy moly
e75c27932f91ef93e03412986ddade26ab9f5c768a5e0d550c983e94a7b8fc6e,I have not started looking yet. The kids are all going to be in school now and I can work outside the home though.,"I have not started looking yet. The kids are all in school now and I am able to work outside the home, though."
d08528837af912d01fb52208895cd5b5299e54583f1549db3a6f7ed4d25f75f4,I could not find my debit card all week and I have finally given up. I think I have to get it replaced.,I did not find my debit card all week and I have finally given up. I am getting it replaced.
4c2bb7a43a22ab73191dbbe52803ad10fe31292b2c6d3ab651db16c314201086,They will find who did it.,They found who did it.
e76a6f48f7b2e3225b81a7eca084bc309b1b2feda1b69f65a67a23fc5470814b,Yes,Yes
c9d5d650a382e25913ae294e113f239c1f2ea21a342476b8185c84200afc146f,Smart move- it is always a swell idea to get ahead of work so that we can do the things we want to do in life.,Smart move- it is always a swell idea to get ahead of work so that we do the things we want to do in life.
513d9e3ee6a276aeaf6b03809d6ea57d7fd073124ea9deb3bce526cb3316bf2c,I really can not stand when people in customer service have attitudes.,I really hate when people in customer service have attitudes.
27abbd546808972c829618002449e804483cbd23ea9f615b98c514489a20578e,My bad! But I can not get that picture out of my head. The yellow juice was so powerful and the smell was even worse!!!!,My bad! But that picture remains in my head. The yellow juice was so powerful and the smell was even worse!!!!
b59392daeab78faa695b3df485a67947d8ddad585707f7f2a91eeac76ec96949,For the third time in two weeks someone at work has stolen my lunch and no one will admit it.,For the third time in two weeks someone at work has stolen my lunch and no one admits it.
ea5700a3ed982ee8726eb02d2bfe863afb7079c7d4068ff792f6ebcf0a9f0723,I will thanks for that piece of advice.,Thanks for that piece of advice.
c104e5f7b14ddccb3cc6024d5f59d367c41c54e2be42af5a09cd39ae73bd5f16,I will always cheer for the New York Jets.,I always cheer for the New York Jets.
efbd050fef0447c198fba722fde740f726d2881e0881234b6b0ecf8eb4ade237,Oh no,Oh no
64ba05b80999e1e51cc8f5d18ca90f1d94ece7a305c9e07b9fa1868412d832ac,That must be so frustrating.,That is so frustrating.
ab2fdd5f1640c34999e5fff1eaf07393aac609d5353e532d6d828479f6f9f62c,I think it will go well. My boss has been giving me really positive feedback lately.,I anticipate a positive outcome. My boss has been giving me really positive feedback lately.
62457d67294b8eb5b3553054ee31c8a01cf1e281ccb06030c7db7d798f7a927d,That is good. I can not imagine what some parents have to go through. No child deserves to be sick.,That is good. I do not know what some parents have to go through. No child deserves to be sick.
ef73efde94b66b60008e58f3caeb5e561209562fb4fd5acc1ba42fbeb8a7f897,Hopefully we can cure some of these things so no child has to go through it.,Curing some of these things prevents any child from going through it.
d58e03ef3e23cae3b6c19b0f139023f9fd81d24928218ffaef038cd3049b8402,Wow. Can she handle all of that?,Wow. She handles all of that.
e69e1ace2c76f93ab9f00085f25d74e536b93c6e9a7dfca704d359292d8aa0f5,I am sooo upset with my mom. I do not think at this point I can forgive her.,I am sooo upset with my mom. I do not forgive her at this point.
5cab078fad51e6d52e34594fa8a89d228f27fb28330e1c88c4659ad4bbba4c12,They should take down the posting if the job is taken.,They take down the posting if the job is taken.
39470719469694324796c5903dbebd232d1c344595559c3dc3e2cf40f3ef9274,I do too,I do too
d8123467549b45eef527281afddeb9c2c5e33e2e4a7f352aa07ed5ebcb6658bb,I can not stop thinking about my grandmother. She passed away recently and it hurts to think about.,I keep thinking about my grandmother. She passed away recently and it hurts to think about her.
16cf03a8bd18584b99d10a913a09bc0bba44d34d3d60abd80830c48b5ab6e0db,I Am sure it will get better with time. I used to see her everyday for lunch. I miss those times.,It gets better with time. I used to see her every day for lunch. I miss those times.
bd77efaf96e66e7b8430f92510eee6c31c27822dd6f9a333454185880975dcab,Oh no. That may ruin the walls.,Oh no. That ruins the walls.
e73d39ae2596d2edb1c5394fc50828435053cb41df54c03555529698d93e95d5,It was so fun,It was so fun
f1512476fc75ef931f5c08a09346c90bca0096fadb8a6a24e10dfd5da3012e7d,i wish he could make it,I want him to make it.
8357a9c38b57c430ecf860f2b2b3891fbe2fe20b63a09929906a76b6b570e506,It can be hard. I went through that myself.,It is hard. I went through that myself.
6fe29df86f329218f4082ffca576db63abbd9e48792d3f0c02827312d452c9aa,I had a great interview yesterday. I Am really nervous and can not stop thinking about it. I hope they get back to me soon.,I had a great interview yesterday. I am really nervous and keep thinking about it. I await their response soon.
bb7126653a3c15e5788c0c3433bfa35c03001389864043b51ba4a581165bfa5c,Yes,Yes
af36d967eff970aee9c37105e394a892e6cc0cad16a39ca8634370f646257872,It is always sad but there is little you can do other than keep them indoors where they are miserable. I am sure I am not the only one to suffer this kind of loss.,"It is always sad, but there is little to do other than keep them indoors where they are miserable. I am not the only one to suffer this kind of loss."
2578894454e1aebae3743884deeb6391e8287fc3cc20f666f5f67c75c6cd8b44,"I rescued a dog in the woods. Was scary! I was terrified for a moment as it was back in the woods where some sketchy people hang out at night and live- but I grabbed her from that rope and I hid her for a few days until I found a rescue. I was threatened too- Her owner"" was out DRINKING instead of feeding or watering her- She was so starved and could have died in the heat. Even though I was scared there was no way I was giving her back.","I rescued a dog in the woods. It was scary! I was terrified for a moment as she was back in the woods where some sketchy people hang out at night and live, but I grabbed her from that rope and I hid her for a few days until I found a rescue. I was threatened too. Her owner was out drinking instead of feeding or watering her. She was so starved and in danger of dying in the heat. Even though I was scared, there was no way I was giving her back."
c96b959bfc8c78f244d4db4d0615911d12be83e9a87080b66592937d4a78582e,Can not always afford too! I am glad I can for once.,I do not always have the money! I am glad I have it for once.
21aa2eaf5e8b1129244ef32bd8794bc21a211c65212f9c6913c0aa6caa89166a,I can understand that,I understand that.
0378b725a8c845f00be47b28b7d1518e8d7ed9a5c92a7beb7486a83204837e97,After the first team meeting under new management I felt very sure that i can depend on my team,"After the first team meeting under new management, I felt very sure about my team"
2eaa484b566efcf29fbdfcad62bb83eafd7ac2a16461999bb6eac9da573411df,It had girls with big boobs but well,"It had girls with big boobs, though."
5eec9619af22f4146e142af8526d2d2cd1a7cb36d341bf0ab5adcfe318909d89,I was driving the other day and a little turtle was in the road. I turned around and went back to get him before he got ran over and did not make it. Ugh. He got hit and smashed that fast before I could get him,I was driving the other day and a little turtle was in the road. I turned around and went back to get him before he was run over and did not make it. Ugh. He was hit and smashed that fast before I reached him.
9b8e83f02dd7035073e0fcdb9f0948db8dea741a5222b767227accc133360aae,That will be sad. Are you going to get to go again before then?,That is sad. Are you going again before then?
4828559171a6883c46afb31021f5a1919f7ebed1ed8753e1546dfe5d367f878e,I finally made reservations at the beach for next month for a family reunion. Can not wait to get away for awhile.,I finally made reservations at the beach for next month for a family reunion. I look forward to getting away for a while.
366efe5ec8c67b62dc00e9b5fb9e363cd1ebadd37eb55602d6684e583c1a7ccc,That is terrible. We should all count our blessings.,That is terrible. We all count our blessings.
e692d56dc1aefa18409c72467e1718bf1e25eaf150520f6b4003fd86f2810c0a,I can not believe I lied to my friend about being home the other day. I feel terrible,I am surprised I lied to my friend about being home the other day. I feel terrible
8826a5d9216eafde573cabbab5f63c8d30b1dd0eb20ea7569e13446d24b5cfaa,Does that still happen? I can relate... it was a relief to go on vacation and get away from them.,Does that still happen? I relate... it was a relief to go on vacation and get away from them.
1c384610ec3e20373f46a65a2bdacd4619bbb463554e8f4049a66ffe99dcaac7,18,18
699e3931827dd605531f39a65cb4af4ddd840090ae8132b921b73c874d7df7be,omg i can not wait to see what that feels like as a parent congrats!,Omg I am excited to see what that feels like as a parent. Congrats!
e51905ded92743d11f0ab5a6eda926c2b481a509698fc253898cd81528157c89,Nice I can relate. How old were you when you moved out,"Nice, I relate. How old were you when you moved out?"
e192a5501496211ddb90b0ac3c25d51b20623c41143b52678623af0a8e85f01a,I am sure you will love it,You will love it.
52126ef85b3e3286a88b82933905991667b929bcc6ff6641b2fd68abb12c229b,I think you should get out and explore. I am in a similar situation-- moved to South Texas with zero connections/ family to jumpstart my business... and I have met some pretty amazing people,Get out and explore. I am in a similar situation—I moved to South Texas with zero connections/family to jumpstart my business... and I have met some pretty amazing people
feed033ee0d8e53dd60aaaba78c23268f48063ba736cac0e0f36ef4cc201e21d,Yeah,Yeah
8d42e9fb9a8bc356be7d59e0b1499a26988d5d4956285370e491d7ee4fa599be,I can imaging. He sounds pretty spineless and shady.,I understand. He sounds pretty spineless and shady.
baa1ee4235ff35ea78d88c4e7b6855157c5561e1ea81c899abb97f6cfa79d9a1,Do you? You should trust her,Do you? Trust her.
cc890dbcd14a621648c19ed35feb28d45302e74f878b088105884f35c5d0d169,The first time I heard that Steve Irwin had died I could not believe it... he was like my childhood hero. It was such a tragedy,The first time I heard that Steve Irwin had died I did not believe it... he was like my childhood hero. It was such a tragedy
d303668990112120126bf7e6d62fe4e703abe91bfb36ae087be0afdab5f484e1,I need to work on fear first and then I will try it.,I am working on fear first and then trying it.
54bba14efd093bcf076f73e1cb7c7ae54c42b47cb19dc7411a22ac4d26e6e15a,That will not be too hard,That is not too hard
d06fe070fcf57b17e356848887e2a857d1e70061c9844ed458b8080332787c42,I spit in my coffee cup this morning and it had leftover coffee in it too. I can not believe I forgot this and drank it in the afternoon...,I spit in my coffee cup this morning and it had leftover coffee in it too. I forgot this and drank it in the afternoon.
9f10ca7b33c61917db8264d9026db438fb90841e47074139023db8b61b277e7b,Yeah,Yeah
2a8596b627069b4b8cceaa554960e9976c5f3b9a3460445362175a5c044707b0,I have big fear of dogs. I can not explain why,I have a big fear of dogs. I do not know why.
bacf7d166932e3d92d575584c21df5e8d96a9ea21143adaf5ce266051e276534,Yeah,Yeah
e219a3d45337736eb14c0be6f64a7a0c1e3abea455740b0b7ec7ab36f6247c2f,My coworker told my boss that I came in to work 15 minutes late this morning. I could not believe he did that to me!,My coworker told my boss that I came in to work 15 minutes late this morning. I did not believe he did that to me!
b839a041e4fa7b9818327927eebeef788a52f53191a94de36ba73069c55d478f,If my friends did that I would have a heart attack.,"If my friends do that, I have a heart attack."
17a2fbcdd9470cae5167696d9dc733cf203228aaea03784a2d4b7394c531a942,I do not know. I could not stop crying. It was just awful,I did not stop crying. It was just awful.
4c4eb9a9a7090271deb292d04bb4e1bbec5f974a7b8c50b87dc5423f17686430,That is true,That is true
6cc7e35c8204476ce7d31f2622a49a9e7292952e6581fdba32e20b5d7139c8ff,I can imagine. Was she a hoarder of some type?,I understand. Was she a hoarder of some type?
dd7d88548a12b3c823f5ce69957ff0eb97b0eb3897a7a8d4ae82a2ca29b617a3,If you live under his roof then you should obey him.,"If you live under his roof, then you obey him."
f71bbf7f5de6387de2c8901340772b8141134ecc50ffe2fc3542026763eb3de9,That is awful. I hope she has friends and family she can lean on during this tough time.,That is awful. She has friends and family to lean on during this tough time.
5635ee04f24b5ff07221d9aede3ee9195b5f6cba8a724ce3e512071af80e2bb1,I kid you not. My one dog keeps barking at nothing but acting like he can see something.,I kid you not. My one dog keeps barking at nothing but acting like he sees something.
7264accb2f224cd67b1e27ed758cfc105d5bc67c792fb768bcface3644623202,Wow. Must be a really good show. What is it about?,Wow. The show is really good. What is it about?
a85d07ffce07afef4ef4099f5c6640aeea7ad263e6951c2f16f95bba5d991364,You must be so relieved that its done.,You are so relieved that it's done.
134dc0e308dc08983ca850470905dd61fb4f10d8f3e6dfbe1bcc8088ec2e6fd9,What kind of project may I ask?,What kind of project is this?
9dbb05123e4e6d781b924739d0bdf7fd0b35fd38fe31677406b08d3f9cfa060d,I am going to an amusement park tomorrow for the first time and I can hardly wait!,I am going to an amusement park tomorrow for the first time and I am very excited!
52d616bac68c14a187bb68d8c56a3f5dc907af72242a60dac70bb5f16bcd5989,Maybe I should have said stopped by a train. Ha Ha.,"I meant to say ""stopped by a train."" Ha Ha."
99f310e23817b90b6882fe53122c5fe08ad51f80b9b3f2ab5bc1ffc75ac27c89,My wife is at the doctor 's,My wife is at the doctor's.
f5c59dfb4a1f2b1b64a852c72f918ab452c05422cc327b6009ccb8a4383ced5f,I am sure she will be fin,She is fine.
d1f7459a1ea475dc1fed7d08116a85e5a578be8540b0243a542d822049ac1314,I just took an English teacher certification test. I can not wait for the results to come back.,I just took an English teacher certification test. I am eager for the results to come back.
6f6907404bc057f02e0a6a0a377989a09bb9e4ecf497d1eec539c821e7683967,Are you kidding me? The nerve of some people. How desperate do you have to be... Well,Are you kidding me? The nerve of some people. How desperate they are... Well
7ad0408ddc11f700769becb3d73f2ece66f955085400b486c22f2946a1ea449b,I sometimes wish that I can afford the luxuries that m friends can.,I sometimes wish I were able to afford the luxuries my friends have.
7bfccc6374cf51032e5c8cac3ea268d3683023505a898014f24c310e2e3a77a5,No they are doing work in the neighborhood. I Am glad I had my old hurricane supplies,"No, they are doing work in the neighborhood. I am glad I had my old hurricane supplies."
c5be7e1e37b1f4d7fb40dae7a16140e5fe9906bcaeff5f85ebe0387bd7a8d427,Just do not do again and I will keep your secret.,"Just do not do it again, and I keep your secret."
193060879a4e38192771a48d0df1d1c20b24f9a3e0ee1bfcf7134999ab2ccb72,It must have been really scary movie then. Try leaving the tv on to help.,It was a really scary movie then. Leaving the tv on helps.
a62f67b1b99400b6752391e1384aeec8cf7f11a0f26b7629e702fcf3df189187,Her husband lost his job and they could not afford it.,Her husband lost his job and they lacked the money for it.
3fcdb8ac5b4c63fd426de728e05b7cfde504004cda01198c0d4fe9621e385917,I can not believe I won 50 bucks on the lottery ticket I just bought. Did not expect it.,I am in disbelief that I won 50 bucks on the lottery ticket I just bought. I did not expect it.
980d695c80c8ec091e971649763fba607be24b830368c24f16a7cecf3e9c8616,You can learn eventually,You will learn.
1a2c94ea88011cbcc0aa04808709372ef35f19f1bc708f95230c7bfbb1a70590,I can not believe I actually lost that much weight. It is only been 2 months,I do not believe I actually lost that much weight. It has only been 2 months.
ba7c4ca982776e9efa69e5a1534f2c6b789028b12994eca659a803d82dab6651,I can not believe how big my dog has gotten. 7 months ago,I am amazed at how big my dog has gotten. 7 months ago
38cac3c4cade8abcd3fd90c15fcc7458da311a0a73635549421227d6681857b0,MY daughter can not follow simple directions because she is glued to her phone,My daughter is unable to follow simple directions because she is glued to her phone
08ba274f202da1252acf9b801d93cfa72d352e1b81a74a6af80eced772536abf,I could not wait to go to my aunts house. She was going to make my favorite dish,I was eager to go to my aunt's house. She planned to make my favorite dish.
0435d17707a59a8d3fc25e06e8483b75731a0dcf94567109216bd852abbf6275,I have been there too,I have been there too
117d78c097f944a23d67fdc0d7f6234c68dcddf2da9ca9ee042bf9c500ec8e86,MY kids refuse to go bed every night. I can not stand it.,My kids refuse to go to bed every night. I find it unbearable.
c8bcaadefce50d4c408ebaad3e391f91ae2054b4642122375c520155efb6a1f1,They going to have sore bottoms soon. I can not stand it.,They are due to have sore bottoms soon. I find it unbearable.
f1ad256a1866b838dd273a075bfd876eaef368a3ce3e94607ba0ea6aebe86752,I can relate to that!,I relate to that!
a138dad33909d761dbbed7e3e78dfc5ec0ac6337ca6f1873ea603fb4c9aaa54a,Ah,Ah
77a618dd3d75734d0dcd0b8f790803db35271b37e3cda3106dba5f24683bddc3,I wish. That was my first thought,I wanted that. That was my first thought.
9ec890e1f9508fc316c99f4aa5fba19bc14e81bf29a40f77f2ddfec8801612aa,Someone spray- painted my car last night,Someone spray-painted my car last night
45c51b84dc67b8b07cf2ae7406f6a916d8892ac2637e4c3854ed168f27542734,Probably. And you are right,That is the case. And you are right.
bb8ac6c77195194e035ec6c073ad5282025f8bf8f24f696b500174fe6617b511,I can not wait for my birthday,I am looking forward to my birthday.
b3d58e7fc098ebdc1de9408463ef4910c79381f5f5cc64b2989d91471a253354,I can not believe the summer is almost over.,I do not believe the summer is almost over.
f016361a03c48dbbe961b640cec94236b51b6df4a6c45348b0dfa4c8bef4000e,I think climate change will only exacerbate the freezing temperatures during winter season,Climate change only exacerbates freezing temperatures during winter.
75036ed23db5ddcf456776e7381e1af4bc714758f8724d57230e38dc29803c46,I can kind of see where you are coming from. I personally try to avoid too much nostalgia. Others seem to love it.,I see where you are coming from. I personally avoid too much nostalgia. Others love it.
72ff77f98a97d91226f9ba854a18a0893145221f67befdc60d7dbacd43a8e6c9,Maybe you should take a different class.,Taking a different class is a good idea.
cde12a83d5fc3de06f0c4d23548930219f569c8a5c8a7ea7348ad36096f7d306,I can not wait for the leaves to change color and the temperature to change.,I am eager for the leaves to change color and the temperature to change.
d03a2b4646b593dd83830c068cae48622a8ab97c531e94938b554f2bceaa017e,I can not wait to go to the clubs!,I am excited to go to the clubs!
4ae2da2f0f3003d52d3c85359081f59a71061445574d5d65ade4b22f6bec8664,We do not have a fence but I know my dog will stay in the yard,We do not have a fence but I know my dog stays in the yard.
1bc9866c4a7401b544eb713a599c158f11471e0cb74847be5f8f0ba9ec6d2a7e,I can not believe my daughter loves her new school so much. She does not like anything.,I do not believe my daughter loves her new school so much. She does not like anything.
c81fcc9e55ff0f092906622bd3a481b1a6af9b2c409bb620a08cc28ad849dcd0,Those are the kind you better keep a watch on. You never know what he might do.,Those are the kind you keep a watch on. You never know what he does.
e05c0151aef33d8e1cb5eb59e180943b74053c79dd4ed498476ab5aa91a36eeb,I can understand that viewpoint. It is a very complicated issue though!,I understand that viewpoint. It is a very complicated issue though!
e0a8f98108ffcdbfe7dbd6a120e3a428cf09681db891a6727b0cf9f569e43631,that is my favorite food too! no wonder it was lovely. you should cook italian food often then,"That is my favorite food too! No wonder it was lovely. Cook Italian food often, then."
c34f73b65002f8b34ead8aea9666f2b5e705c7e6cc89852d04845d02722d6e85,YOU can not imagine!,YOU have no idea!
8e47b1ff45360700bf56a2219fb0849d7a72cb42589fba6d80f9ec8d33bf3cf7,You should not lend money to anyone,Do not lend money to anyone.
cf2dad1abd169f5f2d065dfee54bb7aed1182e45ad48dc987e235cf11ec46c04,The other week I was walking a friend 's dog as a favour,The other week I was walking a friend's dog as a favour.
ebea279208e2d980f88e2956ccfad1144e71f8725e37d1a9e457d2b047fa0a65,I remember this time two years ago when I was expecting my youngest child we did not know whether she would be a boy or a girl. I was so excited when they told me the results were a girl.,I remember this time two years ago when I was expecting my youngest child and we did not know whether she was a boy or a girl. I was so excited when they told me the results were a girl.
a583937d97f6e7793093f061943505b4cbbd88a6a3252b9510e6be94a4a8cfa8,That must have been very upsetting. It happened to me back in 6th grade.,That was very upsetting. It happened to me back in 6th grade.
0a7f35152394c768f301a18e8193c616b6ccf496e424ae99030ef94e80ddf848,holy! that is a lot but she will get good use out of it,holy! that is a lot but she gets good use out of it
db80274e9224e8fe00c22e138df026a1fdc47a6bb401936bb4dbd8c1d40af9d8,My neighbor got this fancy audi that i saw at the dealership,My neighbor got this fancy Audi that I saw at the dealership.
b93229e10f35fb6f9e401b99d3115a6650fa744ed39ee41bb6c82d2b69ab87c4,my neighbor just installed a fancy pool,My neighbor just installed a fancy pool.
12b5a17b2cc491c1641902275efdd0cdbfc5ef4a7242810c6f24cf6a38dea25b,he must have been high,He was high.
2542970eebfb3f00fadac13a4300b7798addd68740349786e5fb2588a37f006f,Yeah,Yeah
8a25e2f1d2849363c608280e67baa54a93f4afb4875c23aa3d8387a1ea49c501,i can not even park where i want the neighbors keep stealing my parking spaces,I have nowhere to park where I want; the neighbors keep stealing my parking spaces.
8f1c29e3bcf9bfbb7365010115d78a9537148425d928c8798726b8e3c2ca3fe8,Wow that is even worse,"Wow, that is even worse."
87c8d143673880ab5fcae8606d4253307b47c850b83de3baf7409926ca88f8ce,I can not get over bad I feel.,I have not gotten over how bad I feel.
fdb8fb35b23a42e79b06b59ca3b01d85bbd476a791cd1b1df16fda1e2440a6d6,You can always talk to me. i am here for you,You are always welcome to talk to me. I am here for you.
1c85a3bfe5b8943a6384056d885d4fa690bbd51b397a8cbad5f2b63bc6e5f974,Sorry to hear that. All we can do is learn from it,Sorry to hear that. The only option is to learn from it.
75ee3674962a255c72e7e7c140f0b2a483ae09e935340f6ee54f636783bebe49,That is a relief I Have been in a similiar situation. I know its hard to bring yourself out of a hole,That is a relief. I have been in a similar situation. I know it's hard to bring yourself out of a hole
db7a51173f7a858b08e53a3be40d2938d17a7972d6e95cc2395e2a320d900dfd,I have got thick skin and can trade crass,I have got thick skin and trade crass.
23655cb65febdccae03320dcb4234bb8fef1b9b7b8ab25229bc91a0d94e5dd52,Yes it was. I was furious and hurt. Leaders should not do that to their employees.,"Yes, it was. I was furious and hurt. Leaders have no business doing that to their employees."
11389d560df10607203afee1a72cb36fc3394f1ce7a40c99bbbd297a1c5ddfb8,I can imagine. I hope it all works out for the best and that you are able to come away from this as a stronger person.,I imagine. It will all work out for the best and you will come away from this as a stronger person.
502a460c6a86b0202ce85879c5d49e76d8a7ef1592717d41a5a6fbdc0101f1d5,It had to do with an injury and who was at fault,It had to do with an injury and who was at fault.
b0809e550406b8199b3a4f2e14d6dcadce5af3cb7a5c15c14874931775ed3aa8,I think that would be a very wise idea.,That is a very wise idea.
2ab820c07193778088d97fd8ad1cfcf071123e6d8bec35235111826fb6c49aae,I can understand,I understand
4bb0080f483df98435267fd3709c00833dccd3b4ee834e8dac1b4f174f0d119f,I have taken him to the vet so hopefully we can take care of it!,I have taken him to the vet so we are taking care of it!
c7a24a3638801f2e425595b1b46c450f7727c8c9108ea16b1a064bcea2186d88,Going to see family. I just do not want to leave anything behind that I might need on the trip.,Going to see family. I just do not want to leave anything behind that I need on the trip.
a93f09aead0eb73c9f414ecb7f21e5eae0f7c909fb9278181fe1f6f3de782fb4,The other day I was at work and my friend would not help do any of the work! the entire day she just sat there and talked,The other day I was at work and my friend did not help with any of the work. The entire day she just sat there and talked.
e0cf4619068abb60f123148dc6829042ecba0503befc621c89bf65fe836c784b,I just can not wait for this weekend,I am really excited for this weekend.
b6790a8fa8f480a683d24acd45ed0e02cb8473a72c28a92a96b19c6ad4a415a0,They did,They did
59839f44a2f448f150bf50ff49d14fb9e3a0cccec4128aa627e1204f091a0722,I have been with my wife for over 10 years and have always been dedicated to her. I can not understand why some people cheat.,I have been with my wife for over 10 years and have always been dedicated to her. I do not understand why some people cheat.
d197c90ce287407acefa2915f68baad8767315e9cd9f45d877098d5f6401a8f1,And he can not stop lying all the time.,And he does not stop lying all the time.
8db565ab2820e1681348d3ff637e9e9ffc00add0e0226945bff3fcb19080b02e,I agree. I can not understand how his supporters do not see it! I guess they do not WANT to see it!,I agree. I do not understand how his supporters do not see it! They do not WANT to see it!
1d77de75207687eef21c6c6c1daa3e9f299ad2d21cc20bbffe9b67ddb48032a9,I have never been ocean or sea kayaking before. I bet that would be very fun,I have never been ocean or sea kayaking before. That sounds very fun.
ca3caae42d492ec5d2ab1c7545a84c8a9703fba6f573c35a7af6fae84dcac9d7,I can see the appeal. I have the opposite situation. Tiny sub- compact,I see the appeal. I have the opposite situation. Tiny subcompact.
c56d21b4cf94d0e5d760a94e62ed669e2a27cfb5c85cfef9c47e8dc027fec3c0,I have a friend that can jump rope for over an hour straight without stopping.,I have a friend who jumps rope for over an hour straight without stopping.
9dfccce5b536f02e90f8943db238633c1fb56bc5e2db9fd53b1c1bb570d86ddd,I can not believe the state of our politics in America.,I do not believe the state of our politics in America.
f99662b1110895f7adcc3302cb62556a7dff53dc449c72168a5cfcc50959a979,I agree,I agree
90f7df90015bca7407a4e22dece72550ed2ec97bf428022719f2bd6177dd6901,That stinks! Try not to be jealous though. Something else will come your way.,That stinks! Don't be jealous though. Something else is coming your way.
35153fa814c4faa51a53398b01cb226416475ad56dd6a220f3be87f01020b860,I invested some of my money in the crypto market last year. The market looks terrible right now and I am afraid I will lose my money!,I invested some of my money in the crypto market last year. The market looks terrible right now and I am afraid I am losing my money!
044c24235e7d59e23ad7d6f1e2caa90618135c7362eb5d7d482ede637a7b5366,Oh no! What happened? I can not imagine having to go through something that scary.,Oh no! What happened? It is unimaginable to have to go through something that scary.
71b407d0ffa9248f7a257261250405887a584812999014cd62af0f2f1e007c6e,So I am headed out of town this weekend. Going to try my luck at the casino! I can not wait,So I am headed out of town this weekend. Going to try my luck at the casino! I am excited.
53c0b6795c2cc3f5a680d702435272292deeb60ae97fa130701fb94bacb2898f,I have a 2 week vacation coming up that I am looking forward to. It is so hard to work when you can not wait!,I have a 2 week vacation coming up that I am looking forward to. It is so hard to work when you are unable to wait!
d9fa9c5fad1d6adc0bd0b74a7e1d6378975cc66a0d91a43913cd7382cb1732d3,I am sure if you explain it to them,"If you explain it to them, they understand."
8ccbb15ec5795b61b1a71a357278ff5344774ec849a8447b7a6f4a01597cfdda,I have the worst headache and can not get any of my cleaning done. It is frustrating.,I have the worst headache and am unable to get any of my cleaning done. It is frustrating.
cab24994e9586a8034ece373d4c8d87de182079d1624651889b8279db02b97f6,Not yet! We might go to Vegas,Not yet! We are considering going to Vegas
436c7edb82aa41db365955cd6facc4dd0d0410190e8742b7b34589e095deed26,That is a pretty tough word. I am happy your son did so great. You must have been beaming.,That is a pretty tough word. I am happy your son did so great. You were beaming.
d9c8df6c08a45c9dcb22307d5cefbae73638d02aa2f2909637491d7eedde8e09,I prefer night flying as well. I love how you can see the city lights moving,I prefer night flying as well. I love how you see the city lights moving.
5154bc4d6f4b428ded97921c519abd28f0b62f1db94c12f7b0f95b89fe7fd6d5,That is good. Hopefully he can pay you back.,That is good. He will pay you back.
75aab3884f6e364f86b48aa3133cafbfe61667ea12be6ba1c2c4e7122239be32,Most of my co- workers are incompetent and can not recognize basic patterns,Most of my co-workers are incompetent and do not recognize basic patterns
2c01ee2859c8710e7b515a24cae06cd2d91df8a0e91b4eb741fbe619f6e5ccad,You should feel bad for just cursing at a lady.,You feel bad for just cursing at a lady.
bba013bfd31b78747c93a13df2296907a9c63523b74c0b78d0a400337814a409,Nice advice,Nice advice
5b9beb0f8433e50d87749b7c47c9751783ca4909bc978ce61151efbd0096635a,I just booked a place for a week at the beach later this month. I can not wait!,I just booked a place for a week at the beach later this month. I am very excited!
53520691ca06fd063765abfc2e3d93a3b8e97b6066798fc1ab1837d6f2393d3e,You should think about that for all of your stuff got situations like this.,Think about that for all of your stuff; you've got situations like this.
f49632b7ac238cae2daa8e5b11d6c6ef892f090bec28c149983da6806d602a5d,When I first started my current job I was very scared. I had to psyche myself up in order to just walk through the front door. I had never worked in that field before and was terrified I would do a bad job. I read self help books with positive outcomes in order to get through the first few weeks.,When I first started my current job I was very scared. I psyched myself up to walk through the front door. I had never worked in that field before and was terrified of doing a bad job. I read self-help books with positive outcomes in order to get through the first few weeks.
c4f7369f3990d28ee2cab5cee315188aa51db633ee72e500e9d1304fee648415,Yes it is! They get so bored during the summer. There is only so much I can do to entertain them.,Yes it is! They get so bored during the summer. There is only so much I do to entertain them.
b29d95bacd46e057487c74cb5ed6dea3b593a7ff527f63934a996d914bb8b28a,i just carry extra diapers but maybe i should start carrying exgtra clothing,I just carry extra diapers but I am starting to carry extra clothing.
9f450fa71f5b8a9d12555e994988cc2ffb877d6a720717f78e842492e0990663,you will get it done i believe in you,You get it done. I have confidence in you.
a028dc6bb080947346a2910b20c046b1b3c9ab1634fb017fb7a8d248a2a36891,so happy i could afford a 65 inch tv,So happy I was able to afford a 65-inch TV
b613b8c6e178ffe21df17511e40d5f4489b66275f302af7509f3461a77413103,I have old dogs and I will do whatever it takes to make sure they are happy and well taken care of. I owe it to them.,I have old dogs and I do everything necessary to make sure they are happy and well taken care of. I owe it to them.
ef97e72282d6ff3dcda3af4bf39a22f4052e65ebf3b0a5b958e936f719a4f318,I can not wait to see how my daughters turn out as adults.,I am eager to see how my daughters turn out as adults.
bd21cc0c9f9fd8360a8f247fcbb2cfa2596e4ffdd98c1338179be7735c506058,I can never make up my mind on anything. I just want a good job now. Those days are gone.,I never make up my mind on anything. I just want a good job now. Those days are gone.
91a30425f6193b3fa4172e1a41d47453fe5070a702bde39c0c31c61921667e0c,YOu should try it. It reall was fun,Try it. It really was fun.
bf462d5f80fe759e122dfd38c127711ea523c450a36aba8dbc887dad0aa1bfe1,I can relate to that.,I relate to that.
1a2ac6267d72a31b54193567de03de34df0f8cbf96c8efbcfeb358fb4c77eeeb,I am sure you will be vindicated.,You are vindicated.
094ebeab707b8d838641ce0473e3558b66f2bc1ee3ccfcae4d0ee95f8e35994e,I considered leaving her home so I could really enjoy the full experience myself,I considered leaving her home to really enjoy the full experience myself.
d5c894f9d7290aceb41bd3290a3db84c0ec0f78759f50f0cf1c0b36cfc3db012,I can not wait for the new Venom movie to come out! I am a big fan of Tom Hardy!,I am excited for the new Venom movie to come out! I am a big fan of Tom Hardy!
d196da808a7f098d8033675a8dbe74650ab9841217bc6056e5d28d44fa80330b,What is wrong with marriage? I am not trying to jump obviously but I think it would be nice.,"What is wrong with marriage? I am not trying to jump, obviously, but it is nice."
25b0e887b9c0245c0cf328b030c84ddd307af589ae52f037d2a0c6926f17b62b,I was pretty shaken up when my son did not get home on time and I could not reach him,I was pretty shaken up when my son did not get home on time and I was unable to reach him.
7bcca2359bf621c238e98778b7155ba55f1c69f89edd89769bb3d304c0684b81,I am sure everything will work out fine:),Everything works out fine:)
1c8223006d0a402433f82dcc2b693cba590a35302c953f19a8a1577ca09e6e09,I can not wait for the new Insurgency Sandstorm video game to come out on Steam. It was supposed to come out this summer but no news yet.,"I am eagerly awaiting the new Insurgency Sandstorm video game on Steam. It was scheduled to come out this summer, but there is no news yet."
8fd43cc1ef9b27bd61d8fc0d0e1f26308c02537c1b906aa2882766194ab8e825,I finally have a closing date on my home,I finally have a closing date on my home.
996ec4bdf4154e25eed873d8fda2c09bf4cf2e25c8a63264a83c924ad8314c7a,Back when I was in the Navy,Back when I was in the Navy
c09f017e6ffda05c38b47a7d22b8d03fb5fc6d824dc1073f2d362373b8f66a20,I found a biggest spider in my shower this morning. I never knew I could shriek like that..,I found the biggest spider in my shower this morning. I never knew I shrieked like that.
83adee296e0c813617b3206eddfe5ea095c30438966a1c9a744556fbc4c86aca,Public speeches always get me. It makes me very nervous and I just can not do them.,"Public speeches always get me. They make me very nervous, and I am just unable to do them."
39a1379178ff267a0e6e0e3aad20b54a4523dd282c4a91f1e6d8a7afdbabf2d1,I know. I have return 5 wallets before. I can not even count how many phones.,I know. I have returned 5 wallets before. I have lost count of how many phones.
a15214f00b10b821a7094b9e321561e5901b51804fff8375401e9aa8f0ae3885,I got to see a lot of my favorite movies I have been waiting for and a lot of great concerts! I am anticipating next summer and can not wait!,I got to see a lot of my favorite movies I have been waiting for and a lot of great concerts! I am anticipating next summer and eagerly await it!
5563235ff6febd6726d0eca276f28b851e918dd758fa8f0ea61c3948d418a88f,My friend just bought a new sports car. I really wish I could afford a sports car too.,My friend just bought a new sports car. I really wish I had the money to buy a sports car too.
f48c0f0f08ec3c89c2f783310013f888ec6f2dcb6c4ab4f9e369e4b18fd73a41,Omg. You should take your dog to an obedience school.,Omg. Take your dog to an obedience school.
4b3547f23bcbf8f28e74855729f3a0d95ce69131b5b37b47f67fca91dae637a4,Keep it that way. If too many people find out it might ruin the experience.,"Keep it that way. If too many people find out, it ruins the experience."
12d419007a870eef704d0e9dc6e807a908ed7510348be2a5ffd7e82b0e7ccae6,I hate bullying. You should talk to the kiids parents.,I hate bullying. Talk to the kids' parents.
e897fee1019da5eccf1033fecd5971ee73b02ef4de7190415df2b67e03c73967,That is amazing! I am happy to hear that. I can relate,That is amazing! I am happy to hear that. I relate.
ae4452f22eb8ad09d0ff3a57589932183ec00512d366f49287ead44e02541f6a,I can relate to that! It is so mortifying because everyone begins to look at you like you are a bad parent!,I relate to that! It is so mortifying because everyone begins to look at you like you are a bad parent!
718aa216f1820086d793f4da1f5e0c62aef783bafe678f9d01914d6b1fec4a86,good for you,Good for you.
d6b1003ed20d1563958e10deb04b1496353ddb64902494ab8cefe263cac77a5e,Wow. Sounds like crazy stuff I would not want to get involved in.,Wow. Sounds like crazy stuff I do not want to get involved in.
c74dae11498402c541efa793e2eab2e685afc095fb360455b2e216796f2c310f,It is,It is
0134f53d06c6cc3af9dd05ced5e7e095638205f9e5e2391a3a005c591b6c9b74,Oh wow,Oh wow
3a63292beecbc41d99ff5b7d575280c3c956c06c27bcac915621ea7b0fb711ae,I am hopeful for the new pokemon game,I am excited for the new pokemon game
ccc8746d81c74bf7a0a117725c203bb1a2e981250280fb53029e6ea2881223a3,My friend just adopted a dog. I can not wait to see him!,My friend just adopted a dog. I am excited to see him!
c1297c30c850731fad7f604ba94d635928710811a145934c4bd8bef1ad05569e,My friend said she wanted to talk to me. No idea what it could be about.,My friend said she wanted to talk to me. No idea what it is about.
9e071f8a1cf2ff90a41964c33dcccaaaa5607493466f3c1bece9066b5df8818e,Give it a go. You might be soulmates.,Give it a go. You are soulmates.
23006b45f56c4b7749a45b8d4a08c5462ea34b1489b43c3794d9da5a4daf9414,It could be something good maybe.,It is something good.
47fd1aa944aa11129c525f63dfe0a4a4de5f05ef87a2ec1126de1699c554f35d,My husband 's sister lived with us,My husband's sister lived with us.
64bb483d4e181e58a536f7e5000ba78b7b7b0fa9cd1cda47ceebad1eb6431aa0,You should go with her next time so that does not happen.,Go with her next time so that it does not happen.
e5f3a3b78a66a2e0cf85a6295b6c83eea435194c80608d0e2c832b5b7582fe57,You must be pretty strong to do that.,You are pretty strong to do that.
59a9ba3545f70df122acb947d528da9f3829db5d04c0a3d9a3367936210621c5,You two must miss a lot.,You two miss a lot.
d6dd7db9532b26e2505c45050f9f7b9d2c50d298c0e2b161d7a446e9dda2ab75,That is really a shame. Too bad they will not get help for the kids,That is really a shame. Too bad they do not get help for the kids.
fc95bc8d4ba6d4fc68002143ff04a98f1b60edf72b5dc59a19919148e3979001,That is great you got him up to a healthy weight! Kudos on you! I am sure those spots will even out eventually.,That is great you got him up to a healthy weight! Kudos on you! Those spots will even out eventually.
5a019e4a0683ef0765a6277372b724b764030dd34c49f25cf77c4d4dcfdedbb3,I can not believe my neighbors are putting up pictures at this time of night.,I do not believe my neighbors are putting up pictures at this time of night.
317d1eb5edda1a551ef12b9da63e0695b213652dae7bdb8887419035c0d00c73,Wow that will surely be a rewarding career. I am impressed that you want to help others.,"Wow, that is a rewarding career. I am impressed that you want to help others."
3c7e883bbd1d4008c577c2c4283887fc6fd409bd571ed64c5e8865cea4ff3545,I can not believe they put onions on my burger today I hate onions.,They put onions on my burger today. I hate onions.
cac77df136aeee4099449ee26ddaaacb0635330de6061197f9c82fa8dc9721c6,It will get better. I know that is a tough thing.,It gets better. That is a tough thing.
eb1903217ce645b843048f584e1d776330392bc70126f76897b5ffdb437b81fe,They might win the east,They have a chance to win the east.
1d39b2f3ecca73cdd642608e55b987524ea4a1bca56392232d2167c516a48b18,We are wanting to buy a bigger vehicle soon. It will be great to have more room for our family.,We want to buy a bigger vehicle soon. Having more room for our family is great.
017063ddcf2fbfc2e429235c661560f114c9aa38f70cf5769632f1a358f7aee4,It will be amazing. We are so excited to be able to go on a vacation and only have to take one vehicle.,It is amazing. We are so excited to go on a vacation and take only one vehicle.
d2cc11766005d211502caa049d8177d5e8f96c6420add9d5a12c6486645b5745,I have never heard of that game. I bet it will be fun though.,I have never heard of that game. It looks fun though.
82d278695d717ab4ed77574be3ee9209310f25ccfb883fde600ff0d9b9102ff0,Just so many things could happen in the dark.,Just so many things happen in the dark.
08406cfa9eec5b7bf5a745458b6b672d7e5969a3c9664598167688922ea7995f,I let my daughter take my credit card to the mall today for school clothes shopping. I have faith that she did not spend more than I told her she could spend.,I let my daughter take my credit card to the mall today for school clothes shopping. She did not spend more than the amount I told her to spend.
149b9096a5c513e6d2d7f7c45eb892f4872bcaf5b732278309d9be380b48e6d4,Yes,Yes
cef6bd375e8fcb7476ed2e8ad45f42b5adab666571fdccaeaaef4135d1663e53,If you do not like such movies you should have told him at the beginning so he choose a non scary one,"If you do not like such movies, tell him at the beginning so he chooses a non-scary one."
3c2179d00dccd0fe9ccf58b0f5cc689655a01590c18a63a354ad2b6dbb66dc85,My idiot manager decided that I could handle working a seven day shift,My idiot manager decided I was capable of handling a seven-day shift.
bd4a2116975ee3efa686e3df67d3f7ab5add6419bbc44418786f3c109a694307,Oh that sucks! I can barely do 5 without needing a break,Oh that sucks! I do only 5 before needing a break
2cce9d155996697c9342123710eb72ca6d94e39b33c71a6a426dfb9faa88c286,Guess I will just have to grin and bear it.,Guess I just grin and bear it.
01d71e5a32b6abc8158fa6629a247f787524d5f0ba8b25cc3298b38130521482,I can not wait to get my final grades because I know I did great!,I am eager to get my final grades because I know I did great!
fc0a22c748c46bc2789fcb681181209bd14bd489b91a7d2d0f4d3a23265344df,I could not stop thinking about estranged family I was missing one day.,I did not stop thinking about my estranged family; I missed them one day.
2c0b3017ff1cb4a50709699c3648c2b47ec355e6718e15fb430fc1a4387424b9,sorry to hear that. Sometimes there can be a technical problem,Sorry to hear that. Sometimes there is a technical problem.
17f1347e9247e622477907029ab74f6145ef20372813d52205d43f95188a3bb9,One time,One time
035dac58edabd78a0483c940c9454aa2f5ddbe5704cc4ecf97fa8c63e0983983,I know it that is a common scenario,That is a common scenario.
4813786f02cf60080f13926fe97692eb802025cefaf131d82e00e06e1bd700d1,That might be a great idea. I do like listening to Bill Burr 's podcast! He cracks me up. Thank you :D,That is a great idea. I do like listening to Bill Burr's podcast! He cracks me up. Thank you :D
77be766df4acde4cd810d47e4822acd0a4fa83532280935333b92f7975c2f515,I had an emergency at work. I am a doctor and it was a life and death situation:( but now I regret because I could have assigned someone else and driven my mother because that was her life visit,"I had an emergency at work. I am a doctor and it was a life and death situation, but now I regret that I did not assign someone else and drive my mother because that was her life visit."
6509ef293d8fa927e98812db485fb9f3f4b2422c3365dd87def86637779b1ee5,I have had my eye on a new laptop for ages,I have had my eye on a new laptop for ages
d8abf2e395b06b1323726cc0d6b4860fcd81b862050b814d515701b4d508d3f9,I am sorry you feel that way. If you feel that you do good,I am sorry you feel that way. You feel that you do good.
18cbb668c335d12769adc4591e1afd6f87cc8d756208a1ebb36d1c5470871d5c,I bought a hotel stay for a weekend near the beach. I think that could help her.,I bought a hotel stay for a weekend near the beach. That helps her.
456a9d72060cdbef98536e96f6864a9ca2872643292fc3d8fb6d7417163a2e56,Do you have any proof? If so you should bring it up to her.,"Do you have any proof? If so, bring it up to her."
d2bfade64ad541b376c9a4282782bf417fdccd4288ad508637b2251c4a03b361,haha no. I am 35 years old. I could not think of anything I wanted. So she bought my groceries. At this age I apprecite that kind of thing.,haha no. I am 35 years old. I did not think of anything I wanted. So she bought my groceries. At this age I appreciate that kind of thing.
3dd13377fe26bab19ed63f96b440ec531192b466148a2b2970c0621bd83dfa72,Yes,Yes
73f9076a58970e6e5fb8029ae43a26d7a3aba44552c97f33900a3684b4909b09,That is good! You should always encourage your children 's talents and let them grow,That is good! Encourage your children's talents and let them grow.
caf831b35fd4737e79fa675f0f3441ef4012f7ad3524af2fd38bb4f32c870b36,Well,Well
960b53d53d13e6ac973531f196d57ecbbc90746b2069c7d1df47adcfd77f22db,That is quite harsh for getting one bad grade. You should encourage him to do well without being so rash.,That is quite harsh for getting one bad grade. Encourage him to do well without being so rash.
7259be8043c0ac244627e7e37034de7e098774c8d07f94c94b606e459b23686b,Man,Man
9ded234c9fc70cc34e36102814a229d9a429436838185f66e93a8c16254630d1,Oh,Oh
d5627e41f43d3b044d1908cef7ac1ce52c3e1c11bf18826c5eb7453a5f2139f1,You should get your mind ready for the worst if he does not take it too well,Get your mind ready for the worst if he does not take it too well.
5813a082a7ae689603d80b055b67d495fed8da2c552deab12263ec49f89353ec,I could not sleep after seeing the most scary movie in the theater! Such a crazy film.,I did not sleep after seeing the most scary movie in the theater! Such a crazy film.
88089c462debf25a879b115e94cea68d4b1a7f5ec4a7bdd597e5328f431da54d,My car broke down yesterday and the mechanics say it might be the transmission:(,My car broke down yesterday and the mechanics say it is the transmission:(
d59a7c62ce2750cbcf92ed44d7576bb62b88670b4e1ae793dc34ffecbe6482bd,Oh really? You should definitely consider it!,Oh really? Consider it!
890a755aca74c4464fef2efb2516220a770b832db7d189827568c3334291a551,I could not move my body. I fainted because she had introduced the guy to me as her cousin,I was unable to move my body. I fainted because she had introduced the guy to me as her cousin.
3a6db29891d984f938bb1d1f7fd91f5cce3f060031ba8ec49b95ede5c1d5f654,You should tell your wife to clear your guilt.,Tell your wife to clear your guilt.
ec9da68a944111e8039a34abe20aeb4a27cdbbba8abd70f9143e2e48cf42fbbc,They are not very good friends then. You should confront them about this.,They are not very good friends then. Confront them about this.
f52da176540533ea78077da5c97bc3eec27d98d92e6236769789977d82afce25,You should not feel bad. It happens to all of us at some point.,There is no reason to feel bad. It happens to all of us at some point.
e46a9320da02e9252bf170f5d0538707091afa0debe508a6c53be9b6047c1420,He should be understanding of that and not keep on. That is just frustrating for everyone involved,He is understanding of that and does not keep on. That is just frustrating for everyone involved
b5b18e96773dbc1d4d35cf514736917e419dbd3c80ad3f3aa95a774c04cd29bc,You should definitley pick them up again. Do not let age stop you!,Picking them up again is a good choice. Age is not a barrier.
d73194d55ad175bacf0d03c9e3a4a55e9fd24caf244a91e114c3158fd1d2d52c,Hmm I think you should make it up to her somehow. Take her to an expensive dinner.,"Hmm, make it up to her somehow. Take her to an expensive dinner."
87a747f8a9b69889bf044d13e7d0c2882ce8fd6194fc645fdbe4d3b10deeb6f4,Our dog was baking and I could not see what he was all upset about. He never bark like that.,Our dog was barking and I did not see what he was all upset about. He never barks like that.
d4eabd95f83151625ba612ac97e3fbe13092f9a4a3b6aeea89f03ee7fa4fe5de,I see,I understand.
603a52f31799ce9870d67538df8428b206d9834a217b1040d7ede46c7eba85e4,Perhaps so,That is so.
cee411371431d5a02261191062b3ae48cea0e21a48f7e0006681d001c03e4788,Yesterday I saw a mother beating up her kid. I could not believe it!,Yesterday I saw a mother beating up her kid. I did not believe it!
680a40a50dd3e648a15e6b0a670243e4b4932ea9e600050a35787a0fe94fd746,Sorry about that. You should try again and stay confident. The most important is to try.,Sorry about that. Try again and stay confident. The most important thing is to try.
8e4e3ecb2173fdbed441f2ede0e8dcb39d64a1dbea79a07b572d7ded1c820d47,You should do it more often,Do it more often.
248f0021373d66e7016f721ae93f8a41f967e6a95677cc70509ee3188b1caed7,Could remember the feelings of the Christmas season,I remembered the feelings of the Christmas season.
b00c759b27cfe712653159c8d636f9c18e6c752de495462003d69a022f768e44,When I woke up this morning I just could not believe that work had gave me a large bonus!,When I woke up this morning I just did not believe that work had given me a large bonus!
7e4e5b6991b5ca44bb71a06eb2880cc989748c85a70336b8d06e829554d54846,He promised he would fix my paycheck,He promised to fix my paycheck.
325ffa800bd33b0792f03ed5e42a2dfacda506607329ac9ef7685b877934e307,Did you get there on time? I do the same thing,Did you get there on time? I do the same thing
1d963b2da5245cf786952bb1064c029fdd0aaa0391575f048316891ceec928f8,They do and you never know what could happen,"They do, and the outcome is unknown."
100b2ac791c5bb48c5299c11fde7bdb65a2e6a9bf3742a247fba76cba76dbc99,I was nervous the whole time. But I managed to get through it. I am sure everyone could tell.,I was nervous the whole time. But I managed to get through it. Everyone noticed.
304f318c2e4b32bbbeb4754e63369063030121a7d8e3ac0101a5cc2978158f81,My brother ordered a pizza with ham and pineapple on it. It was so gross. I could not watch him eat it.,My brother ordered a pizza with ham and pineapple on it. It was so gross. I did not watch him eat it.
b22c8861fe5f60304bc62147630595323a6ec13d4637f9f2ea1aa53bed3db2b0,I had real fear when a tornado was close to my home. I thought we might die,I had real fear when a tornado was close to my home. I feared for our lives.
34a210f1121044b543973d12792e6a58f7ad9ed42dd718c10727d81aeeb5cc61,That is some feat,That is some feat.
dabf6d1df353c85e1b0a899ae2e9de7b96c07ea8fced1075f40ec586b464952d,That is what I was thinking. They already did the work,That is what I thought. They already did the work.
8cf432321c6e43eee897045c545d6e22ddd93788a8965f89bd4cab70aa85c84e,How sad... you must be desolate,How sad... you are desolate
2de2c0426997ef7566e93e53c61b444fd7ca87816fddbf499eb3a5ce5a2ed791,Well I hope your insurance company sues them. They should really be more responsible.,Well your insurance company suing them is appropriate. They are really irresponsible.
be5fe18278df1622a643c451b21bd41974d9049cc6c818e5d11caa8e3502234e,You should join a league and meet some friends with similar interests.,Join a league and meet some friends with similar interests.
7c39982863eca922a34c9b3639dd1ee36ea99d5b60f734bb72d7c73616513cbb,Last week at work I kept hearing people laughing when I walked by. I could not figure out what they were laughing at.,Last week at work I kept hearing people laughing when I walked by. I did not figure out what they were laughing at.
90b640596d42783bee0038ef621e99c254be13e8b7f85c8da60683ebfad80e0d,It is very nice. Where would you go first with your new car?,It is very nice. Where are you going first with your new car?
b6cb40ed39524b4316eea23cae843b06922c78861aac1a126279ee2faa0b2bc6,I could not get into that game.,I did not get into that game.
91fd06ec16fe407f87ff9af3759b9e2fb35ac8530757255c425db99c07481afb,I tried to play it. I could not get into battlefield either. Maps too huge?,I tried to play it. I was unable to get into battlefield either. Maps too huge?
083cf3175ef994e4d306c5c72fadc4a1b4004a452446be2eb54f8231beb5ed0a,Call me a baby because I started crying when I thought about how I could have been seriously hurt.,Call me a baby because I started crying when I thought about how I was almost seriously hurt.
681acb29a041fc2a02d44e78c2259158155e6f2c33ec14afabfd890b75c137cf,It was in the US it had a bunch of young people on it. We would all talk about it at school the next day.,"It was in the US, and it had a bunch of young people on it. We all talked about it at school the next day."
1f9a7ba3368c26ca92f38d0a8cd0e8dbe3f7acb6d652d0e89c5f25d8e6e5901b,Sounds like fun! I wonder if you could find old episodes online now.,Sounds like fun! Are old episodes available online now?
c6843b08c8712bbbcb5cae13abda7aca2696f219077662ea35c8f8d63679d136,I used to pretend to be asleep when he got off work just so he would not talk to me.,I used to pretend to be asleep when he got off work just so he did not talk to me.
39df92763f3db57a920d265d1b25ecb9135a7ed674655d1f5bd81cb02d358000,I had some car trouble the other day. My car would not start and I did not know why.,I had some car trouble the other day. My car did not start and I did not know why.
c28d1e6ab65ae83d09de3ebd29fbe80f9107701571861f6c0a30cec723c02008,You should watch it,Watch it.
ac916bfe132f3632e918ccbb2a5d7165dedb7c8c84362059e4fd431fcd4c8f87,I did not think it was going to be as good as it is. You should check it out,I did not expect it to be as good as it is. Check it out.
c2958341a5d28b11380500c53f2c01375535089583c093f2e9df3508ff1557a5,Some people should be more considerate,Some people are not considerate enough.
8b22fffbe1b3647fea55017b72f0208bdff4c906182c6b195b3f422ea3231a04,Well they would not go to bed last night so I coooked while they were asleep. I feel bad about it now.,"Well, they did not go to bed last night so I cooked while they were asleep. I feel bad about it now."
307271dd51e01c6033c1cf23a4e9cb65ddba1375bd1ce12120a2b614ef44f88f,Oh no,Oh no
f44fc771ea0d34374e0c73ba98c2642bcf78bbf5b99b70d0853bb7914bb12aeb,With all the rain the east coast has had I want to make sure I am ready for any storm that may come my way,"With all the rain the East Coast has had, I want to make sure I am ready for any storm that comes my way."
9910e73ad4a8ff66f71879e5f5dfbb39a86714f2f2469ee9257dedf974213a75,That would probably do the trick. If not,"That does the trick. If not, try something else."
68c1d3285c54318a7533234db19c83a0afe08d2f7a6fdf44c33eddf86ae078e0,You should definitely first talk to your friend and clear out the concerns with him before talking to his partner,Talk to your friend first and clear up the concerns with him before talking to his partner.
b2e43092aac0b528e6c0941d8df46cf0a0a207b798535784e4745738d528f41c,It was in the car. But I did not even lock the doors. It could have gotten stolen,It was in the car. But I did not even lock the doors. It was stolen.
d0deb2e616a125279a77a1c9246a5bdf989829b6e66a2deaf255de838dae252b,I could not believe I got flowers at work,I did not believe I got flowers at work.
822be00025e909b610e7628215dcb6ed5b3cedfa24fb0fe1cf384fe2d912a444,That would be cool. Are you going to keep them?,That is cool. Are you keeping them?
873c6d84927a1ac18de702438f3d1619e6e248f90cd35ee7e7f4547ffab36beb,It sounds like it may have been a box turtle. They are good as pets!,It was a box turtle. They are good as pets!
d715e587f86d3a486f77ce68d967fd6aa5a261b6d9d0abaf950e6dd3e5f6a6eb,I am never quitting this job. You should work here.,I am never quitting this job. This is a good place to work.
1385a681e84c0a379e3edd2b3db9419a1f8d1f35976e0e5797f431968ea04205,That is awesome. You should marry her again lol,That is awesome. Marry her again lol
97ba2da713cfb2614bc0c6e1ae56b6b9cece2e6a265159411f2126fc580c5c88,My friends would not go with me to the gym last night. I was so mad that I shattered my phone.,My friends did not go with me to the gym last night. I was so mad that I shattered my phone.
1acacfd5d94295801f8248a4a8c99047dce69e91c2f91247ea453fc7052725c7,I used to think that too. I could sleep if it was not closed all the way,I used to agree with that too. I slept when it was not closed all the way.
471704d87601946078eabcbeb0bc66b0c918d64578b0c0e4d1840790bc420a13,I could not believe my friend started working with me,I did not believe my friend started working with me.
abc38347be3b9451dd92cd664fb6864f173f248cee9d832d37c178a818fbe8ea,I went to my school reunion alone,I went to my school reunion alone.
1344998e4f42003f78399a81f21d14fbca7864dc217e2f11b19db5698f02264d,I am so sorry to hear that. I wish there was something more you could do.,I am so sorry to hear that. There is nothing more for you to do.
4e8ec297294c7799259f6c489530da77b162aa75b2d52133fa7d5bef8bf46377,I was watching my cousin,I was watching my cousin.
dde802ed58ac7436dd4b72ee9f31f5b773921e58e98554ec3b76d75da6aee944,I Am so sorry.. I wish I could fix that for you.,I am so sorry. I want to fix that for you.
8e6c600d6f4f3674b18eab87a52b106f3f3cbdede0e5f3f235ae074fc77e5c41,I wish I could make a cheescake.,I wish I were able to make a cheesecake.
21fc86b75a6f2674197f8b33643e571174abe8c916b21521c9f1e547dad36a89,You should talk to your friend about it.,Talk to your friend about it.
2828a0cd1a0df9bef0fefe20b0cc0776691c854137ef7f68e29ecb93b61fbe51,I got in a bit of an altercation with a co- worker today,I got in a bit of an altercation with a co-worker today.
555b68c6ec17ecb781765834e557c709e8c8ced7fca31802b357adad767ed9ec,I was aggravated at myself when I failed my science test. I could have done more,I was aggravated at myself when I failed my science test. I did not do enough.
f18fcbcfde8b57022ccb39069dad1e0e4d9442b0423e0e36de9032e090f84cb3,Yu should report him,"Yu, report him."
cc1af2a0dc608ab5d54c437dc110df12f6c66b9aa3bfe7fa37238f4d99d0e831,I completely understand that. Things are always scary when it is happening to your kids,I completely understand that. Things are always scary when they happen to your kids.
73a367c83694b70569465e9f9ad458d8a6b10bb0493163b9c91b29a185b9331d,I was fine until she brought it back with no gas and left trash allover the seat. I could not believe it,I was fine until she brought it back with no gas and left trash all over the seat. I did not believe it.
b3c3be3a7529ff03fb6e2947055af75b617ec9ba1b7bfbcad23d89665e1d07e5,It is rarely easy to know the right thing to do in these sorts of situations. This might be a situation that calls for some professional help.,It is rarely easy to know the right thing to do in these sorts of situations. This is a situation that calls for some professional help.
b03419371ea4926078ce127de08a2f7909abc787684364059e1143ee81ef266a,You should of called and told them.,You called and told them.
ab9fe6c93b55dba3ab78727f5eda96717c894b33fa126f871a72a7070a03c1d2,You should tell them.,Tell them.
eae60da2f544ca1ffac20c7d4d2ae618c835065339f0a72b2879c026f4447a31,You should return it.,Return it.
49c7def955aba0831c26b6b13e4a5468cab6abe27747da42d7fba8d94207ff1a,You should of done it in person.,Doing it in person was preferable.
a9686cd03f8403e045a44803f4eae33533e452fc903a3654830de37d1b4e436b,I am worried my cancer may return.,I am worried about my cancer returning.
c082c20761a6a609b6b346611ecd5da239aee47222904aae11e21be23a4257fe,I received a bonus from work the other day. I actually could not believe it,I received a bonus from work the other day. I actually did not believe it
9a29e1bc49406fa72d3efee571079f6f3f2f737a5df0c912fbacec5dd1cdd9c4,I am coughing blood lately and I think it could be cancer.,I am coughing blood lately and it is cancer.
04def29ac5b8527e3be42304a23b8c669ff15afa9d68449627073a45e815a2b4,It was,It was.
9e23506d3d6f829f25112a27e1aef8cf5135ca36aad4d65f6a6e9e082daafb2e,"They were hosting a competition and I received amazing feedback. I actually won first prize and"" the people 's choice"" award! I could not believe it!",They were hosting a competition and I received amazing feedback. I actually won first prize and the People's Choice award! I did not believe it!
338da07b9d188566b5d3a2f738ddecd421233219349777404b84ec0cbdb8a413,Someone broke my window with a soccer ball. I made angry. I could not find who it was,Someone broke my window with a soccer ball. I was angry. I did not find who did it.
7c0fbf1b47f15f8a78167c8072214b215c7ca9f8f316f7c1133220b56dfed8e1,That is so bad,That is so bad
a4c61da7be71799d0ec80c34250e70a6b15ea10c94ed96ee1cb594fbd0e81b69,oh wow i could not even imagine,"Oh wow, I have no idea."
7302755800714af240f6da7bd8edbd055523f9e3489e1123aa3300023e4780d6,That could be possible,That is possible.
c98ffa1e9148126b6e44f8dc37c1e0fd8303f2a78a38e394e8fe04464b72eef2,When I go to the mall to buy clothes,I go to the mall to buy clothes.
2494aaa56f305a41e410fe0a8394c5d6b18951cc283c9d9e52405787f38488ea,It is one where fats are 75% of the diet,It is one where fats are 75% of the diet
ff9b2708839408b4a647781e4bad6483e704f6c9fa40fdae2f3c9a4cd3c6a340,That is absolutely amazing. That could be an inspiration to so many different people.,That is absolutely amazing. That is an inspiration to so many different people.
edf332838b11c9816511b677023187e14723889cc9ce7f7646bd40f55c8ad20f,You know that almost sounds like that could be a movie. There are so many people caught up with drugs today in the United States and around the world,You know that almost sounds like a movie. There are so many people caught up with drugs today in the United States and around the world.
1fc8df8cfd48ae5c209406beed1e5a1c0035b4b59d34e1c750b6183a428bb38f,I know right? We could have gotten so much worse in life.,I know right? We avoided getting so much worse in life.
f4d28fb1d081805a6c484a3ad6e66d21d2b07a2faf4d3e69ab9f38f71631e133,I am so angry my co- worker stole from me yesterday. How could they do this to me...,I am so angry my co- worker stole from me yesterday. How did they do this to me?
0e49e8001a960770d6b83b7cbe5019653c48ea55296263fa3fc4dddeb6aa2733,Are you guys close? You should visit him sometime?,Are you guys close? Visit him sometime.
d70b977daa201c2dc1c7e71c8d27a9aa6e71a64b1623ff0244d44e56bff5d83f,I walked out of a store without paying for an item and could not be bothered to go back in to return it.,I walked out of a store without paying for an item and did not bother to go back in to return it.
dde7c396b3ccece302118d94ea2f4491a9535c7e71bfd084f1d4e1fec206a5a1,Yeah,Yeah
0c09a3a4f2b35146b6999bf88189ceee06b1fcc066ce98b15a7f0f23f6caad6f,That must be very exciting! I hope to get a new vehicle soon as well.,That is very exciting! I want to get a new vehicle soon as well.
4582bec55b67ffe8cfb471d7cbeb7d48dba610884753931e3f92e13f2d9ed2a8,Well,Well
df8cac6a531134a0fed09c9a0e1f93a6a86e4c025c8569416025ec3a755538f3,You should have talked to your mom.,You did not talk to your mom.
b961883c28a4f4454e155ee9f6d89e5dbb073a6197ec3aedef6a59d05c61626f,I definitely was! I felt so shame that I could not look anyone in the eyes for the rest of the day.,I was! I felt so ashamed that I was unable to look anyone in the eyes for the rest of the day.
d46f1506a81c3a354f12425c1dce7af196c6c437a54be1f61e0b5490c33e5940,Oh dear,Oh dear
8a132bd3044215621186020017c02a264e660cdf96cf253f55d34a731b50bae2,At least you did not get into an accident. I guess it could have been a lot worse.,At least you did not get into an accident. The situation was much less severe.
dce39a4f4f0493bb5b9f04c403bc1627605e4a36bab4175222378bcb5b338dde,Wow! That is amazing. It must be so awesome that they have each other to hang out and have fun with.,Wow! That is amazing. It is so awesome that they have each other to hang out and have fun with.
11a0f123eeddbb3b01498b2ae7d927efcd7ee9c8bed855d52a67e9bfd6089b65,I baked a batch of cookies for my kid 's birthday party. The only problem was I could not resist eating a few before the party. They were so good.,I baked a batch of cookies for my kid's birthday party. The only problem was I ate a few before the party. They were so good.
f6089fed84d5a9e5e7a0f719524699a1194783c8f2f862c0520525ee2f871799,Wow,Wow
bf183e068fc8f988ea536b3bee74ad51101cf0df5262d10864e6e69e910fe575,I waited for two weeks for my final grades. It seemed to take forever to get them. I could not stand it.,I waited for two weeks for my final grades. It took forever to get them. I found it unbearable.
5e8370379a7dd4ebb6a2b7464f95b904e2de3be30d265bf7025a830816941d6e,I opened up my fridge the other day and could not believe my eyes when it was completely empty. Turns out I was the victim of an April Fool 's prank by my kids! They got me good!,I opened up my fridge the other day and did not believe my eyes when it was completely empty. Turns out I was the victim of an April Fool 's prank by my kids! They got me good!
143007c3eec283ab0d7da99d0d3c2870e880462ba32792e9f679e5ca1de2a9ba,please do not laugh,Do not laugh.
23c2137200bacf7975c6f024ba29281dbbf2734dd04a588149d1ea01d910c885,Yea,Yea
abe1dc9a93b4463c0f13a5e96245b09e9e0070ab9b8e9143991952b7ced2210c,Yeah you should be really greatful!,"Yeah, you are really grateful!"
6b4f5cdf48876381cec5d69f2d16d228406abcb128f2c45f25531acb3d113333,The way he was was pitching last night,The way he was pitching last night.
718883d4f4822f1204d7df4a26156065fa74206c64e5d95074a67e509c23b02a,What is interesting is that I was certain he had caught me,What is interesting is that I believed he had caught me.
ec5269f3f828b906a3dade2a0b2cfb4e53191516bec72a8f6462f8b7ded8ac52,I agree. It must be hard to get any sleep. I feel bad for any animals in the area too!,I agree. It is hard to get any sleep. I feel bad for any animals in the area too!
3498556dafef940bb4b91e8b7534e7993c372f07120253c38f53731bc73422ea,That is impressive. He must have been prepared well for the switch.,That is impressive. He was well prepared for the switch.
86a4f5eb63f284f8a904e898fd02d71d95c3fe345d820072fd1f14566caec67f,This may be bad but I am so happy my kids are going back to school. I love being home with the quietness during the day.,This is bad but I am so happy my kids are going back to school. I love being home with the quietness during the day.
18b671b05b6c75d0aff81f712f9a3602ad59daa9867e658a16bf30fa236670c1,you should probably ask to go to couples counseling.. it works if you all are both trying to save your marriage,Ask to go to couples counseling. It works when you both try to save your marriage.
f45a487a289efcc8eeec7f4b0fe0556b38396338b01fb50267b1e9d906df716c,that is great,That is great.
385ea1418dd1550e6d7b0743dc4dd52b7ceef5b9d7559e2c264f18f195a7abfc,You only have one mother,You only have one mother
5fbe0a4395aba60d8546fb7533277af3c6c1d8b9315d1675f325ae90b090e5de,I am too scared to go to the Halloween party. I might freak out at some of the costumes.,I am too scared to go to the Halloween party. There is a risk of my freaking out at some of the costumes.
fdd83c1bf80b05457d0fe603d3d766ae574964b69b7bf0e41d0558981fe57f90,That is bad. You should had planned your vacation together.,That is bad. You didn't plan your vacation together.
b69ed1b1cde4a98358f350cd40a3997f9ee971dc16a0568ba17df560db6c3860,Yeah but I feel like I should tell the owner,Yeah but I will tell the owner
555bf96d590c546aebe177a8e368583c9a7378553a030ef8a87d31db4e771420,That is wonderful,That is wonderful
cb2fc4f291e804ff613c5cb679cb37a9e86dc3f959754864678a29c620cbaa14,It should be about a 20- 25% increase.,It is about a 20-25% increase.
ac33bd67b0efa2cb4120e7dfa9e1ea50c87a8f8e6bf94355c963f6b468380e8e,Congrats. You must be very proud of her.,Congrats. You are very proud of her.
8015f241678321a7d1a9864b47110ec3afec7405643aea38d0552cceacbe0350,That is great! Congratulations and well done. He must practice long and hard to get to that stage in the game.,That is great! Congratulations and well done. He practiced long and hard to get to that stage in the game.
b68588fa5e1858adb9415254d70c203e02eef37a3f32d24dad1d8d2457f7edfd,Haha! That is hilarious from my perspective,Haha! That is hilarious.
a84d2adefa5993d5c07eadf206253647a6407db40e0abc976191638b35be93c0,i agree 100%,I agree 100%.
fd076df1fb221ce133211740b831506746ae19c28069089cd72c0bde2a9d08ef,that is rude of them,That is rude of them.
4dcdf09e2435523245ade72b845e30d590279e00a82d4a62cd18eabad8d2307b,i have 4 outstanding kids returning to my team,I have 4 outstanding kids returning to my team.
ff479333b3bb4b02b12ca27f0e95ae8fa6794e2c1b157f7cf54a7ce81551f6d5,You should not be jealous. There is no need for that,Do not be jealous. That is unnecessary.
ded288d30ca6f9b54952ba1572cd08b35d16e0a1262f5647a1b1e2ae58e989d9,Not yet. I think she should say something first.,Not yet. She needs to say something first.
d11004c0576ffd76d9ee1af48fd13290444a8c754a57e12c8927635a9c1d9cc1,You should find the local cafe or something,Find the local cafe or something
f1a44fc44c1823c4dc4dcf49e7dc51577d5a7518fd9984b02126e2ca2307fac1,LOL! I love it! What a cute name. I might use that in the future.,LOL! I love it! What a cute name. I will use that in the future.
a898b9bc715db607c3410f9297aff7ddd5fd0720a9544ed23cc4eb7acbc3e81e,My favorite band,My favorite band
911669866dc57932ef4defe3022f0d4911f256cf0e4f8fe14d1e9c7cc3349ae8,You should get some good storage totes and pack it all up so its safe,Get some good storage totes and pack it all up so it's safe
eeaffbdf6caa7c914967bed0c11f5f008b39f6e264c558a4df3f01be7b0c8ca6,ah ok. If intuition tells not to fly. Let Us not take chance. you should skip the flight,"Ah ok. If intuition tells you not to fly, do not take the chance. Skip the flight."
8e3ea4c09b5fb49b15c3f69b2b9e3ec61f4467c249fe27368fb67c7b97eedc3d,maybe you should have a talk with her,Have a talk with her.
3b34f6408d5cff01a63dcb7ba24b50b856f089c9a79206211898d440d986bdff,You should have called the police if they did not listen to you,Calling the police was the correct action if they did not listen to you.
b3c86047116cd537dbb1120a4172a6dc3198642738bc1fa0596109aaffea0623,No,No
e9aea98106ff1bfab3f6ec4d58316b9353fca868a116bcb69c5979d65529c48c,there are other options in life but you must always follow your heart when making such important decisions.,"There are other options in life, but you always follow your heart when making such important decisions."
e6681ad1a749c79849969dddd04550a0fde8b5f6a19e33a3a85afd58691ae06c,Well do not tell me what happens,"Well, do not tell me what happens."
2b4b83642b99d7b561adb3b4930e7b6e85064ab099d7f73b2bf17bafa2cb8bf5,My husband has been travelling for work for years now and we just found out that he might be able to work from home anywhere in the world. I really want it to work out!,My husband has been travelling for work for years now and we just found out that he has the ability to work from home anywhere in the world. I really want it to work out!
4a2c1e92a2b6b5672a16feb2a234d4762a99c03c849835d649a328f9cfd536f9,There is a bad storm coming in tonight. I am nervous about the damage it might do.,There is a bad storm coming in tonight. I am nervous about damage from the storm.
3de201c13c3dbe165326a7be84b3d28389b0eb18b4e0e32682aeb388b284d009,Yeah,Yeah
d7d026785b9a53b71b45405339be8dffe50ce09e0abbbcf1d401f2a17b8b9a1c,i might be taking a trip to see my family within the month or within the next 4 months,I am taking a trip to see my family within the month or within the next 4 months.
2164578985576da6a6b52f53245e8a8d40b41967d43ecbbda462d59ba22e39d8,Do not you worry,Do not worry
85f17e0390692cbbd97c38e1e11ac467dbfe4713ffa9bf4ba449e20769b4d4b9,I have been trying to have a baby for a long time. My girlfriend thought she might be pregnant so she took a pregnancy test. Waiting for the results was so nerve wracking~,"I have been trying to have a baby for a long time. My girlfriend thought she was pregnant, so she took a pregnancy test. Waiting for the results was so nerve-wracking."
43a5803d37d591172a3a2893d6903fc294f9dd2791929e5e875b0552b62634d1,I am planning on going out to a party this evening. I want to meet a new girlfriend and think there might be a good girl there.,I plan to go out to a party this evening. I want to meet a new girlfriend and there is a good girl there.
a59ae073f8a286e7ce3a4ed4c429da225b225cc42515e828f94c6e9364c0b9c8,Next week might be fun..... kind of scared though:/,Next week looks fun..... kind of scared though:/
72258b495c04922191d823dffc06b9450e7819a1bebc6a7c048e7edd4c6bdb05,That might be a problem:-),That is a problem:-)
7b4d335fc406378b6e3261492ea16de04974cb352b233f3a85371ad0ea523e67,I get excited around men and not sure if I might be gay,I get excited around men and do not know whether I am gay.
46078ea6006b78726ac77c19b505581c3c76979c6cf7ef3bc9c29e56c36a0d24,Yes may very well be gay. Nothing wrong with that. I Have had alot of gay friends.,"Yes, they are gay. Nothing wrong with that. I have had a lot of gay friends."
ba9c4911d3775ecb3140e952ab9a0629d629e7fa67c75e5f5b5956a68d630ddb,I might get a haircut tonight. Nothing like a high fade to get me feeling fresh and ready to chat up some honeys,I am getting a haircut tonight. Nothing like a high fade to get me feeling fresh and ready to chat up some honeys.
3b13708d9933a01db9943efc0cde1e2b59dcc3ea7ae78bcf6860548b7273495f,He had a gambling problem. I think I might be alone forever,He had a gambling problem. I will be alone forever.
fdd3bed44e4bf971b0a14e7bb81143d947174978d28d0b321db62536ea41abd5,Oh wow,Oh wow
ec663d24afc30be1c7297ee8d73cb53daa6d556f2674ec38c9fbed19e9ce969e,Thanks! It is weird because I never really wanted to run or anything before,Thanks! It is weird because I never really wanted to run or anything before.
34ecac235442888ab6bb643b689bc1bb8874eee8105e471c9d737a540c0c4240,Well I guess they might say my blood pressure is too high or something,"Well, they say my blood pressure is too high or something."
31ddad9d02514eb485fda55a2a6b4508411a601b2effa73b754d2733b5614df1,I think the meat might have expired,The meat has expired.
86b71d15d57ef4a2eddb105bfed96885d1608bc753c4251a6093c6a02bd65537,Might be worth it,It's worth it.
b7d3b176841afd02d0b572d67801ac5a641afb9bd2002df69af1252ad8e76d7a,Hmm that might actually be good,Hmm that is actually good
3f5f1738e454ffe6d90385867f19346572ab4c6f5fe06d7f1a530bb72f3d5a61,OH YEAH! We might put an offer in tomorrow!,OH YEAH! We are considering putting an offer in tomorrow!
d65e2fee4129f711e0fdbff4c1f2f7a5ac6b26f626c65af496c0cbf4902a182e,You may need a vacation or take a little break you do not want to overwork or wear your body down to much.,You need a vacation or a little break; you do not want to overwork or wear your body down too much.
7f945f8b424507f4db65e2eb24114a95ae5c1f29fde8ef90565da9f72008ad97,You know there is one thing that might make it even better.,You know there is one thing that makes it even better.
4ac29452f4e1a11de8a718f27a8b1690ea82b895f60d819d0f144de5b0c0f3f6,I have high hopes for this weekend. I think it might be sunny here,I have high hopes for this weekend. It will be sunny here.
b79dec72cc5e1d313551558c860a11f6fd3262d05639b93c38d0336e9d9b3440,I think it is,It is
dd62d394a70bc42419b3d4744d1f4865e9882cf125ec2695d1d0127aa4ca2ad8,That is great! I may look it up and go to their grand opening as well.,That is great! I intend to look it up and go to their grand opening as well.
e906e31d30606ce5f23978da46b27606e2c704ccc1413ae187edf26ada4b9a33,I think I might check that out! My anger quickly subsided though. She is but a little pup and it is my duty to teach her on where to go to the bathroom!,I plan to check that out! My anger quickly subsided though. She is but a little pup and it is my duty to teach her where to go to the bathroom!
ea3baf072ec72728655305b7d18f87621e51dc3abdf73e0301a15fa216143b42,How sweet. I might get one myself then.,How sweet. I will get one myself then.
d679c79effe04d50e02e77763ee0b9e3268b32413fa68946cb52c045197a1b54,My wife is getting checked at the hospital. We might be getting good news!,My wife is getting checked at the hospital. We are getting good news!
b477c2b148b3e8c4c15ab80c823bab7cd5ae482fb9b586f294d4eb636b506d52,Toyota 's usually last a long time so it might be a good decision.,"Toyotas last a long time, so it is a good decision."
09ae5f430fd137860e7b960e59ed2bc5a009968965a954accbcaa2f8010ee1c6,Babies are pretty small and delicate they look like they might break at the slightest bump.,Babies are pretty small and delicate; they look fragile at the slightest bump.
3f6f42d365291dfb6849e92f2437d342f7564ed6ac9671c42f15b8edee9bb6ed,I am sorry you are going through that. Sometimes telling the truth is the best,I am sorry you are going through that. Sometimes telling the truth is best.
9f3cf0fd0b2ea6b92365a088debdb1ebed551756a6a2f7eeded9a19d25dd8126,The kitten might have been dehydrated. Hopefully the neighbor called someone else to come help?,The kitten was dehydrated. The neighbor called someone else to come help.
89f3cdc6b93febc69cf9570e42f56fa4633515fc89c4096d1692fcd31a9e402a,I know someone with that. She might need some medication.,I know someone with that. She needs some medication.
4e5fc7ef8a50da77c793bfd316033dbee85726af47e83ab075cb08e201347d6a,Well that might explain it,Well that explains it.
bfa59390822bf2e38bd724bc7270c8b20a7b4da9d58c5e207c52fd25ee0dce20,I thought my wife had umbilical hernia. Which is a serious health condition. Doctor told her she might die or end up in an ER!,My wife had an umbilical hernia. This is a serious health condition. Her doctor warned her she faced death or an ER visit.
0c6bc0b2b45f30abbbbd7e8bdf85b8e66b4eb9fa818f259f2666a1ce88ac1697,I think I have hadhad an epiphany. After not being serious about religion ever,I have had an epiphany after never being serious about religion.
fd9afb9a5ca53253e7908a5d9b425af65ebca2f42f585d3d4d646ad9b05fcc45,Me too. I do not even believe in ghosts,Me too. I do not accept the existence of ghosts.
72ed3fcd769ca51538f9e2bb806974463e058de448d52fc92a8900e271036331,I was gardening last weekend and I had to move a bunch of pots. I knew there might be spiders so I took my time to look carefully.,"I was gardening last weekend and I had to move a bunch of pots. I knew there were spiders, so I took my time to look carefully."
b036f76af5eed00694427097d5c74284642c6218cd57b27789ef4e8bdf590a4c,That is really rough. Do you think he may have relapsed?,That is really rough. Do you know whether he relapsed?
9d6187e345335a02d497e59ba05674a0f23d2187a42f3316fa59151ee2b2b626,The doctor mentioned his congestion might have contributed,The doctor mentioned his congestion contributed.
b9ef60538c257284cf566087947c1a3a1d6f74f4b93a714fb80ecd033244c8c0,Thanks,Thanks
149c6c251a213ca91ab6c99c319cef158be34297feef3b897402ad247bbb355a,It is great to be in a committed relationship. Many people might be unnerved at their SO leaving for a week long kayaking trip,It is great to be in a committed relationship. Many people are unnerved at their SO leaving for a week-long kayaking trip.
0a45ef5c068b29c4186e0c392952002f5e01cea1930a083433cf160e2834c4cd,That might help my arms,That helps my arms.
ab7510eded9fbe7e29fd84314c1537c4caf4c3bf59edcc86b5964e66583f6755,Strawberries in cinnamon roles? That might be really good!,Strawberries in cinnamon roles? That is really good!
cb143261a46c6f14bf7c128b4af1bdbffd599ff62731c6ff933fb1479323d1c1,What? You think you might be in trouble?,What? You are in trouble?
846c4885e77f695ba8bb06aa220d1cc2ae40a10a6eba2065ba3a912bbae6d593,I suppose it is,It is.
069d1d47e2cb8ef48eef2cc22e7c865bac58e0a97906d1b5605fcf275a53b372,well i had one that did that and he lived to 17 so there may still be hope,Well I had one that did that and he lived to 17 so there is still hope.
3192e2f2f73d1996b2b7521b1de426ca2cd47583e40643bafdc49bb6cb76352c,Well when I was younger I began experimenting with something some may call taboo or even wrong. I was in my mom 's bedroom one day and came across some of her clothes...,Well when I was younger I began experimenting with something some call taboo or even wrong. I was in my mom's bedroom one day and came across some of her clothes...
70fa718970afaecefc0b2f35b781e30a77c85aef40bd789cc422c95b92a896d6,My boss told us all today that there might be lay offs coming.,My boss told us all today that layoffs are coming.
07ffb6f4df9dfac06f8af31ea6ef3a58cfe50b5574c0aa5b5a318194e97890a2,Yeah,Yeah
efdf6bedb34b15b13979bb911b057f71c0bf4179ad11e4ded497735e9d6570d5,Ugh do you have any security camera that might have captured what happened?,Ugh do you have any security camera that captured what happened?
79f947e3e0e1cf41d9182cebc92e0e17f38118928f3e72da7eae4c7548f7f06a,Yeah,Yeah
c6ccf63bc77a3f2bd1ef93a50c84251db3f59d09212af6fb78c5adf6fc8c22cf,I want to but I am afraid I might get sick.,"I want to, but I am afraid of getting sick."
a245574746d7120482c5544bc5242f2555b4994be4e6a414ceba32fbd698fdd3,It might be a worth a shot to do that and stand my ground on my next contract renewal time.,It is worth a shot to do that and stand my ground at my next contract renewal.
9b62d4423e55cb7bb97d5b8c74d82d5a944d0bd8344cf945fc735a1c4b4adbf3,my own abilities,my own abilities
e5e598da110bec7e1f9ea847f8c11b46eabbfa03401db39876b4d708d0cda231,Yup,Yup
0b3c018d1740329511ae5fbad70d55cb856326922ba6355d32523d67b59382f5,She is. She may be able to handle it on her own. Thanks for the info,She is. She is able to handle it on her own. Thanks for the info
b85617faa73fd077ca39692749d1d880fbf3bb3f94e0b8d5022370b9fbb69d53,Yeah,Yeah
4e3b26fdf96accb7659bf73f6e873ef3b5d54d3d29c986d5e00f8b053b458523,It seems your daughter may over exaggerate things a little bit.,Your daughter exaggerates things a little.
58f1521e6ad830ff3cffba929f937ce9c7acbf60eaa23beac44a1da11590d0ff,I think it may have been stolen. I was at the pool and took it off. When I got done swimming it was gone.,It was stolen. I was at the pool and took it off. When I got done swimming it was gone.
